simulator,backend,circuit_name,n_qubits,run_id,wall_time_sec,cpu_time_sec,peak_memory_mb,cpu_utilization_percent,state_fidelity
qibo,qibojit,qft_5_qubits,5,1,0.001962200039997697,0.0,0.0037107467651367188,0.0,1.0
qibo,qibojit,qft_5_qubits,5,2,0.0022974000312387943,0.0,0.0029039382934570312,0.0,1.0
qibo,qibojit,qft_5_qubits,5,3,0.0016703000292181969,0.015625,0.0018262863159179688,104.2,1.0
qiskit,aer_simulator,qft_5_qubits,5,1,0.011614900082349777,0.015625,0.015932083129882812,97.7,0.9999999999999998
qiskit,aer_simulator,qft_5_qubits,5,2,0.01056659989990294,0.015625,0.014791488647460938,97.7,0.9999999999999998
qiskit,aer_simulator,qft_5_qubits,5,3,0.009303999948315322,0.0,0.014715194702148438,0.0,0.9999999999999998
pennylane,lightning.qubit,qft_5_qubits,5,1,0.050085099996067584,0.015625,0.040019989013671875,33.2,0.9999999999999984
pennylane,lightning.qubit,qft_5_qubits,5,2,0.04409670003224164,0.046875,0.03841972351074219,99.7,0.9999999999999984
pennylane,lightning.qubit,qft_5_qubits,5,3,0.046382199972867966,0.046875,0.03795051574707031,101.9,0.9999999999999984
